,City,Cloudiness,Country,Date,Humidity,Lat,Lon,Max Temp,Wind Speed
0,Ilebo,100,CD,1555896130,98,-4.33,20.59,72.73,2.48
1,Rikitea,34,PF,1555896130,81,-23.12,-134.97,79.95,6.93
2,Biltine,1,TD,1555896130,8,14.53,20.93,87.33,17.43
3,Cape Town,20,ZA,1555896065,63,-33.93,18.42,64.0,16.11
4,Tasiilaq,27,GL,1555894200,80,65.61,-37.64,30.2,3.36
5,Charters Towers,20,AU,1555896131,73,-20.07,146.27,75.43,9.73
6,Georgetown,40,GY,1555891200,78,6.8,-58.16,82.4,13.87
7,Nara,75,JP,1555895669,77,34.68,135.8,73.0,3.36
8,Hilo,20,US,1555896086,57,19.71,-155.08,80.6,9.17
9,Westport,100,IE,1555896005,87,53.8,-9.52,54.0,4.0
10,Perth,0,GB,1555896032,66,56.4,-3.43,55.0,3.36
11,Butaritari,100,KI,1555896132,81,3.07,172.79,82.24,24.36
12,Santa Cruz,1,US,1555896128,72,36.97,-122.03,71.6,8.05
13,Fortaleza,20,BR,1555895891,83,-3.73,-38.52,81.0,2.24
14,Mareeba,40,AU,1555894407,66,-16.99,145.42,84.2,19.46
15,Saskylakh,91,RU,1555896135,94,71.97,114.09,4.19,8.93
16,Gamba,95,CN,1555896135,55,28.28,88.52,24.26,3.53
17,Alofi,63,NU,1555891200,69,-19.06,-169.92,80.6,21.92
18,Busselton,3,AU,1555896025,49,-33.64,115.35,59.0,8.23
19,Hermanus,0,ZA,1555895782,89,-34.42,19.24,64.0,4.0
20,Aranos,50,NA,1555896136,43,-24.14,19.11,67.44,5.5
21,Bagdarin,99,RU,1555896136,40,54.44,113.59,31.01,1.95
22,Ushuaia,20,AR,1555891200,65,-54.81,-68.31,46.4,9.17
23,Upernavik,100,GL,1555896136,90,72.79,-56.15,10.76,13.69
24,Dwarka,0,IN,1555895707,53,28.58,77.04,90.0,3.44
25,Quirinopolis,0,BR,1555896026,61,-18.45,-50.45,73.62,1.54
26,Airai,46,TL,1555896137,60,-8.93,125.41,80.4,4.0
27,Faanui,100,PF,1555896137,73,-16.48,-151.75,83.12,3.29
28,Lumsden,20,CA,1555896009,26,50.65,-104.86,55.4,14.99
29,Eucaliptus,76,BO,1555896137,59,-17.6,-67.51,53.38,15.86
30,Punta Arenas,0,CL,1555895587,70,-53.16,-70.91,48.2,4.7
31,Qaanaaq,100,GL,1555896137,85,77.48,-69.36,7.74,2.98
32,Touros,20,BR,1555891200,88,-5.2,-35.46,77.0,4.7
33,Ilulissat,99,GL,1555894200,85,69.22,-51.1,24.8,3.36
34,Puerto Baquerizo Moreno,75,EC,1555891200,94,-0.9,-89.6,77.0,4.7
35,Haines Junction,31,CA,1555896138,51,60.75,-137.51,37.38,14.76
36,Nayoro,70,JP,1555896138,75,44.36,142.46,45.46,8.59
37,Jamestown,6,AU,1555896138,54,-33.21,138.6,60.73,9.78
38,Puerto Ayora,54,EC,1555895728,96,-0.74,-90.35,77.0,1.99
39,Hobart,20,AU,1555895841,44,-42.88,147.33,61.0,12.75
40,Aktyubinskiy,57,RU,1555896139,72,54.81,52.81,37.99,3.62
41,Luderitz,0,NA,1555891200,76,-26.65,15.16,57.2,14.99
42,Vaini,0,IN,1555891200,78,15.34,74.49,71.6,2.24
43,Barrow,0,AR,1555896139,82,-38.31,-60.23,51.22,3.87
44,Hinton,55,CA,1555896140,23,53.4,-117.57,48.83,10.18
45,Ancud,90,CL,1555891200,87,-41.87,-73.83,48.2,4.61
46,Taoudenni,0,ML,1555896140,15,22.68,-3.98,77.72,10.76
47,Bredasdorp,2,ZA,1555895782,87,-34.53,20.04,60.8,6.93
48,Mar del Plata,15,AR,1555896082,41,-46.43,-67.52,58.51,2.64
49,Kavaratti,100,IN,1555896140,66,10.57,72.64,84.33,9.51
50,Hailin,0,CN,1555896140,18,44.57,129.38,48.7,6.33
51,Mugur-Aksy,44,RU,1555896141,88,50.38,90.44,6.46,3.18
52,Kodiak,1,US,1555896123,31,39.95,-94.76,78.8,14.99
53,Rockhampton,75,AU,1555893000,61,-23.38,150.51,80.6,14.99
54,New Norfolk,20,AU,1555895841,44,-42.78,147.06,60.8,12.75
55,Arraial do Cabo,0,BR,1555896141,75,-22.97,-42.02,76.89,7.14
56,Klaksvik,100,FO,1555894200,93,62.23,-6.59,48.2,13.87
57,Krnov,0,PL,1555896054,86,50.09,17.7,48.0,3.36
58,Itoman,40,JP,1555894386,69,26.12,127.67,78.8,9.17
59,Ostrow Mazowiecka,1,PL,1555896097,52,52.8,21.9,43.0,8.88
60,East London,100,ZA,1555896005,93,-33.02,27.91,59.74,7.9
61,Mataura,10,NZ,1555896142,65,-46.19,168.86,57.87,0.81
62,Dikson,93,RU,1555896143,97,73.51,80.55,17.24,5.95
63,Ponta do Sol,53,BR,1555896143,84,-20.63,-46.0,66.0,2.71
64,Bolama,47,GW,1555896143,68,11.58,-15.48,78.67,13.29
65,Shamary,100,RU,1555896143,97,57.34,58.22,35.71,4.09
66,Carnarvon,1,ZA,1555896143,66,-30.97,22.13,53.35,25.37
67,Albany,90,US,1555895943,59,42.65,-73.75,62.6,4.7
68,Thompson,90,CA,1555894800,86,55.74,-97.86,30.2,1.95
69,Coahuayana,0,MX,1555896145,14,18.62,-100.35,99.59,5.23
70,Chokurdakh,100,RU,1555896145,78,70.62,147.9,19.11,17.02
71,Kapaa,40,US,1555895804,61,22.08,-159.32,80.6,11.41
72,Avarua,10,CK,1555893000,57,-21.21,-159.78,78.8,11.41
73,Los Llanos de Aridane,4,ES,1555896032,77,28.66,-17.92,62.6,3.36
74,Axim,100,GH,1555896145,88,4.87,-2.24,81.09,6.42
75,Anaco,93,VE,1555896146,43,9.43,-64.46,88.32,3.85
76,Bethel,75,US,1555890960,63,60.79,-161.76,30.2,24.16
77,Torbay,90,CA,1555895789,93,47.66,-52.73,54.0,28.86
78,Sudislavl,4,RU,1555896147,90,57.88,41.71,40.48,3.11
79,Kahului,20,US,1555895775,54,20.89,-156.47,82.4,16.11
80,Tupik,98,RU,1555896147,74,54.43,119.94,25.34,3.87
81,Dargaville,100,NZ,1555896147,79,-35.94,173.86,63.21,9.31
82,Ahipara,100,NZ,1555895937,92,-35.17,173.16,73.99,3.24
83,Nkan,99,GQ,1555896148,97,2.26,11.22,73.4,3.49
84,Mahebourg,75,MU,1555895943,94,-20.41,57.7,77.0,10.29
85,Savannah Bight,1,HN,1555896148,70,16.45,-85.85,80.19,12.15
86,Arkadelphia,1,US,1555895726,44,34.12,-93.05,77.0,3.36
87,Hohhot,0,CN,1555891200,51,40.81,111.65,59.0,4.47
88,Husavik,80,CA,1555896010,47,50.56,-96.99,57.0,1.72
89,San Jose,19,PH,1555896150,56,15.79,120.99,85.64,6.22
90,Beringovskiy,1,RU,1555896150,77,63.05,179.32,12.13,8.57
91,Bull Savanna,10,JM,1555896150,66,17.89,-77.59,80.73,4.63
92,Tuatapere,0,NZ,1555896150,79,-46.13,167.69,52.75,9.8
93,Port Alfred,100,ZA,1555895875,93,-33.59,26.89,62.01,1.01
94,Tual,39,ID,1555896151,76,-5.67,132.75,84.31,13.71
95,Te Anau,0,NZ,1555896151,53,-45.41,167.72,56.86,2.98
96,Bluff,54,AU,1555896151,59,-23.58,149.07,77.61,17.16
97,Khatanga,99,RU,1555896151,96,71.98,102.47,-4.46,3.47
98,Interlaken,41,CH,1555896130,61,46.69,7.86,53.6,4.7
99,Lethem,43,GY,1555896152,48,3.38,-59.8,88.12,15.99
100,Sola,0,NO,1555896018,57,58.89,5.65,50.0,6.93
101,Boo,98,NG,1555896152,62,7.44,8.9,86.32,11.07
102,Mazatlan,75,MX,1555895917,61,23.22,-106.42,78.8,6.93
103,Opuwo,9,NA,1555896068,52,-18.06,13.84,69.98,2.68
104,Dingle,29,PH,1555895927,60,11.0,122.67,82.33,11.97
105,Chimbote,44,PE,1555896153,93,-9.08,-78.59,68.94,13.09
106,Nikolskoye,0,RU,1555896036,56,59.7,30.79,41.0,2.24
107,Gazojak,18,TM,1555896153,43,41.19,61.4,50.65,8.1
108,La Pila,20,EC,1555891200,78,-1.11,-80.58,80.6,6.93
109,Kijabe,92,KE,1555895729,94,-0.95,36.6,55.99,3.18
110,Nizhniy Kuranakh,32,RU,1555896153,68,58.84,125.49,28.38,6.69
111,Sambava,100,MG,1555896153,89,-14.27,50.17,71.56,3.44
112,Cuamba,78,MZ,1555896154,92,-14.8,36.54,64.09,5.57
113,Alekseyevskaya,23,RU,1555896154,67,45.77,40.15,40.84,10.16
114,Buala,68,SB,1555896154,76,-8.15,159.59,84.04,10.92
115,Toppenish,1,US,1555896145,34,46.38,-120.31,70.0,9.17
116,Gorbehaza,0,HU,1555893900,54,47.83,21.23,53.6,4.7
117,Novyy Urengoy,96,RU,1555896154,93,66.08,76.63,30.07,14.43
118,Severo-Kurilsk,97,RU,1555896155,87,50.68,156.12,35.31,17.72
119,Atuona,63,PF,1555896155,76,-9.8,-139.03,83.57,12.55
120,Lebu,40,ET,1555894800,87,8.96,38.73,59.0,3.36
121,San Cristobal,75,EC,1555895708,93,-0.39,-78.55,57.2,1.12
122,Kloulklubed,75,PW,1555890840,74,7.04,134.26,84.2,9.17
123,Castro,90,CL,1555891200,87,-42.48,-73.76,48.2,1.25
124,Provideniya,40,RU,1555893000,61,64.42,-173.23,12.2,15.66
125,San Patricio,57,PY,1555896156,90,-26.98,-56.83,72.5,6.87
126,Alta Floresta,96,BR,1555896157,97,-9.87,-56.08,73.65,0.89
127,Lorengau,53,PG,1555896157,83,-2.02,147.27,82.2,1.95
128,Batemans Bay,98,AU,1555895896,82,-35.71,150.18,73.0,7.0
129,Myre,73,SE,1555895661,92,62.25,17.37,36.0,3.36
130,Sao Joao da Barra,0,BR,1555896039,92,-21.64,-41.05,72.16,3.09
131,Ngunguru,1,NZ,1555895285,65,-35.62,174.5,72.0,7.0
132,Yellowknife,20,CA,1555895565,55,62.45,-114.38,35.6,4.7
133,Idritsa,0,RU,1555896158,74,56.33,28.9,44.17,4.52
134,Paoua,92,CF,1555896158,52,7.24,16.43,80.69,3.96
135,Haimen,100,CN,1555896011,94,31.87,121.18,66.0,3.0
136,Sinnamary,68,GF,1555896158,77,5.38,-52.96,81.18,15.3
137,Kaeo,2,NZ,1555895937,92,-35.1,173.78,73.99,10.02
138,Port Hardy,90,CA,1555894800,76,50.7,-127.42,50.0,3.36
139,Turukhansk,80,RU,1555896158,93,65.8,87.96,11.37,11.83
140,Lavrentiya,86,RU,1555896158,87,65.58,-170.99,4.32,9.78
141,Columbus,1,US,1555895870,59,32.46,-84.99,73.4,2.68
142,Port Lincoln,97,AU,1555896159,60,-34.72,135.86,60.3,9.57
143,Kaitangata,19,NZ,1555896085,66,-46.28,169.85,57.99,4.0
144,Saint-Pierre,0,FR,1555895510,87,48.95,4.24,48.99,3.36
145,Coquimbo,0,CL,1555891200,87,-29.95,-71.34,55.4,3.36
146,Tanete,70,ID,1555896160,79,-3.94,119.78,82.58,14.58
147,Ribeira Grande,55,PT,1555896160,92,38.52,-28.7,61.47,12.26
148,Thyboron,0,DK,1555896004,78,56.7,8.21,46.0,8.5
149,Millinocket,90,US,1555896003,93,45.66,-68.71,54.0,3.96
150,Vao,2,EE,1555896161,64,59.1,26.19,42.62,5.79
151,Tura,100,IN,1555896161,54,25.52,90.21,76.19,4.65
152,Dovolnoye,0,RU,1555896161,66,54.5,79.67,32.68,1.92
153,Ostersund,83,SE,1555895722,100,63.18,14.64,37.99,3.36
154,Nuuk,100,GL,1555896161,80,64.17,-51.74,30.2,9.17
155,Cherskiy,27,RU,1555896161,79,68.75,161.3,18.09,5.17
156,Linxia,42,CN,1555896162,50,35.6,103.21,52.32,4.68
157,Norman Wells,20,CA,1555894800,37,65.28,-126.83,51.8,9.17
158,Puerto Colombia,40,CO,1555895802,78,10.99,-74.96,80.6,11.41
159,Fort Nelson,40,CA,1555894800,19,58.81,-122.69,55.4,2.24
160,Kirksville,1,US,1555896123,43,40.19,-92.58,75.2,11.41
161,Ouadda,37,CF,1555896162,17,8.07,22.4,76.77,3.8
162,Hay River,20,CA,1555894800,74,60.82,-115.79,35.6,14.99
163,Faya,0,SA,1555891200,93,18.39,42.45,60.8,4.7
164,Guerrero Negro,98,MX,1555896089,84,27.97,-114.04,60.35,16.11
165,Havoysund,75,NO,1555894200,86,71.0,24.66,39.2,38.03
166,Huayang,47,CN,1555896054,96,23.62,115.49,77.0,1.9
167,Pakxan,6,LA,1555896163,84,18.39,103.66,75.97,2.77
168,Pevek,2,RU,1555896163,80,69.7,170.27,4.15,7.02
169,Chapais,1,CA,1555894800,69,49.78,-74.86,33.8,12.75
170,Havre-Saint-Pierre,90,CA,1555894800,93,50.23,-63.6,39.2,2.24
171,Hamilton,75,BM,1555895786,77,32.3,-64.78,69.8,18.34
172,Dunedin,0,NZ,1555896131,78,-45.87,170.5,54.61,5.61
173,Saint-Philippe,1,CA,1555896101,81,45.36,-73.48,55.99,9.17
174,Nador,0,MA,1555894800,67,35.17,-2.93,59.0,3.36
175,Lazaro Cardenas,75,MX,1555896035,9,28.39,-105.62,82.4,5.82
176,Cidreira,100,BR,1555896165,70,-30.17,-50.22,65.75,10.56
177,High Level,90,CA,1555894800,22,58.52,-117.13,57.2,5.82
178,Misratah,87,LY,1555896165,46,32.38,15.09,70.23,26.22
179,Ossora,55,RU,1555896165,69,59.24,163.07,35.15,3.89
180,Gizo,75,IL,1555896126,66,31.8,34.94,55.99,6.93
181,Lagoa,0,PT,1555895970,77,37.14,-8.45,60.01,2.24
182,Caconda,57,AO,1555896166,86,-13.73,15.06,62.1,3.78
183,Iqaluit,20,CA,1555896162,70,63.75,-68.52,-0.01,25.28
184,Paamiut,100,GL,1555896166,82,61.99,-49.67,31.23,12.59
185,Casablanca,40,MA,1555895731,100,33.6,-7.62,64.0,5.82
186,Trairi,89,BR,1555896167,98,-3.28,-39.27,73.72,2.64
187,Santander,40,PH,1555891200,70,9.42,123.33,84.2,9.17
188,Goundam,0,ML,1555896167,14,16.42,-3.66,90.52,9.55
189,Huron,75,US,1555894500,67,44.36,-98.21,60.8,17.22
190,Solnechnyy,0,RU,1555896167,46,50.72,136.64,40.32,10.85
191,Port Elizabeth,1,US,1555896105,82,39.31,-74.98,63.0,3.36
192,Portland,20,US,1555896019,48,45.52,-122.67,63.0,4.7
193,Sandakan,75,MY,1555891200,74,5.84,118.12,84.2,6.93
194,Hithadhoo,100,MV,1555896168,78,-0.6,73.08,83.64,15.77
195,Cocobeach,20,GA,1555894800,88,1.01,9.58,77.0,4.7
196,Vestmanna,100,FO,1555896000,100,62.16,-7.17,46.4,14.99
197,Mnogovershinnyy,94,RU,1555896168,82,53.94,139.92,30.16,6.93
198,Vardo,75,US,1555896162,58,39.62,-77.74,60.01,11.41
199,Nan,0,TH,1555891200,100,18.78,100.78,71.6,3.36
200,Yar-Sale,100,RU,1555896169,90,66.83,70.83,31.08,13.18
201,Esperance,20,TT,1555896007,83,10.24,-61.45,80.01,6.93
202,Dongsheng,56,CN,1555896169,81,29.72,112.52,63.34,5.95
203,Belmonte,3,PT,1555895789,89,40.36,-7.35,48.0,1.01
204,Lerwick,61,GB,1555894200,87,60.15,-1.15,53.6,11.41
205,Kavieng,56,PG,1555896170,69,-2.57,150.8,84.18,2.91
206,San Carlos del Zulia,59,VE,1555896028,69,9.0,-71.91,82.49,5.77
207,Kupang,20,ID,1555893000,66,-10.16,123.6,86.0,13.87
208,Inta,99,RU,1555896170,93,66.04,60.13,35.98,17.98
209,Gaya,20,IN,1555891200,68,24.8,85.01,69.8,2.24
210,Goderich,87,CA,1555896105,77,43.74,-81.71,52.0,3.0
211,Sitka,20,US,1555895730,20,37.17,-99.65,77.0,5.01
212,Radaur,0,IN,1555896171,39,30.03,77.15,77.25,3.94
213,Umred,40,IN,1555893000,60,20.85,79.32,75.2,4.56
214,Oktyabrskoye,0,RU,1555895725,79,56.73,85.44,28.99,4.47
215,Birjand,0,IR,1555891200,44,32.86,59.22,57.2,11.41
216,Half Moon Bay,20,US,1555896158,81,37.46,-122.43,69.01,14.99
217,Longyearbyen,0,NO,1555894200,47,78.22,15.63,14.0,10.29
218,Krotoszyn,0,PL,1555896149,73,51.7,17.44,46.0,3.0
219,Quito,90,EC,1555895708,93,-0.22,-78.51,57.2,2.24
220,Laguna,90,MX,1555893900,50,27.52,-110.01,77.0,4.7
221,Cabo San Lucas,75,MX,1555895859,47,22.89,-109.91,84.0,4.7
222,Sussex,90,CA,1555895897,100,45.72,-65.51,48.2,10.29
223,Anadyr,0,RU,1555895587,77,64.73,177.51,8.01,6.71
224,Hutchinson,1,US,1555896025,53,38.06,-97.93,78.01,19.46
225,Necochea,7,AR,1555894954,72,-38.55,-58.74,55.99,6.2
226,Henties Bay,13,NA,1555894933,93,-22.12,14.28,55.99,1.99
227,Ouango,77,CD,1555896173,53,4.31,22.55,74.91,1.12
228,Timbuktu,0,ML,1555896173,14,16.77,-3.01,87.44,8.41
229,Biryusinsk,34,RU,1555896173,69,55.96,97.82,24.51,11.97
230,Tabou,47,CI,1555896173,91,4.42,-7.36,77.67,2.55
231,Port Macquarie,98,AU,1555896005,77,-31.43,152.91,75.99,3.36
232,Kefamenanu,43,ID,1555896174,64,-9.45,124.48,78.53,4.63
233,Azare,54,NG,1555896174,17,11.67,10.19,83.52,4.54
234,Nanortalik,50,GL,1555896174,93,60.14,-45.24,28.99,4.61
235,Catalao,25,BR,1555896174,83,-18.17,-47.95,70.48,3.4
236,Cheyenne,90,US,1555896105,93,41.14,-104.82,52.0,12.75
237,Cap Malheureux,75,MU,1555895943,94,-19.98,57.61,77.0,10.29
238,Glen Allen,1,US,1555896158,71,37.67,-77.51,61.0,5.97
239,Kotido,90,UG,1555896175,72,3.01,34.12,71.28,2.46
240,Bandarbeyla,69,SO,1555896175,79,9.49,50.81,79.27,6.98
241,Komsomolskiy,100,RU,1555896010,98,67.55,63.78,33.96,17.34
242,Byron Bay,75,AU,1555896043,69,-28.65,153.62,75.99,11.41
243,Itambe,0,BR,1555891200,78,-15.24,-40.62,71.6,8.05
244,Red Bank,1,US,1555896116,67,35.12,-85.29,62.01,3.4
245,Kruisfontein,91,ZA,1555896176,88,-34.0,24.73,58.59,5.17
246,Owen Sound,75,CA,1555895812,71,44.57,-80.95,52.0,3.36
247,Kasongo-Lunda,100,CD,1555896176,95,-6.48,16.82,69.37,4.72
248,Gemena,85,CD,1555895980,87,3.25,19.78,74.73,3.56
249,Buraydah,0,SA,1555891200,48,26.33,43.97,60.8,33.33
250,Broken Hill,90,AU,1555891200,72,-31.97,141.45,59.0,19.46
251,Eirunepe,96,BR,1555896177,79,-6.66,-69.87,78.04,2.57
252,Kalmunai,90,LK,1555896177,92,7.42,81.82,75.97,3.6
253,Tuktoyaktuk,20,CA,1555894800,86,69.44,-133.03,28.4,12.75
254,Saldanha,78,PT,1555896177,64,41.42,-6.55,52.3,4.41
255,Dudinka,75,RU,1555893000,85,69.41,86.18,15.8,22.37
256,Adeje,100,NG,1555896177,81,5.68,5.76,82.22,5.75
257,Burns Lake,100,CA,1555896177,56,54.23,-125.76,46.08,8.88
258,Llorente,34,PH,1555895886,69,11.41,125.55,82.08,8.55
259,Mount Isa,97,AU,1555893000,35,-20.73,139.49,84.2,11.41
260,Sturgis,75,US,1555896148,100,44.41,-103.51,44.01,11.41
261,Bambous Virieux,75,MU,1555895943,94,-20.34,57.76,77.0,10.29
262,Srandakan,100,ID,1555896178,79,-7.94,110.25,81.55,9.64
263,Karratha,20,AU,1555896178,16,-20.74,116.85,73.26,18.97
264,Saint-Francois,0,FR,1555895728,87,46.42,3.91,50.0,1.86
265,Nilagiri,1,IN,1555896179,79,21.46,86.77,77.47,3.27
266,Pacific Grove,1,US,1555896085,58,36.62,-121.92,71.6,10.29
267,Kolosovka,66,RU,1555896179,70,56.47,73.61,33.84,7.29
268,Seymchan,57,RU,1555896179,87,62.93,152.39,30.45,6.2
269,Lagoa Vermelha,100,BR,1555896019,98,-28.21,-51.53,63.3,5.77
270,Erenhot,99,CN,1555896179,25,43.65,111.97,63.64,17.81
271,Sao Felix do Xingu,92,BR,1555896180,96,-6.64,-51.99,73.63,2.42
272,Pokrovsk,94,UA,1555896180,52,48.28,37.18,45.95,5.5
273,Eyl,46,SO,1555896180,76,7.98,49.82,79.84,7.85
274,Hailey,75,US,1555895730,81,43.52,-114.32,50.0,11.41
275,Svetlogorsk,40,RU,1555893000,79,53.14,59.15,24.8,11.18
276,Biak,100,ID,1555896180,94,-0.91,122.88,69.03,2.91
277,Suez,0,EG,1555896181,57,29.97,32.54,55.49,7.0
278,Jiaohe,0,CN,1555896181,16,43.72,127.34,52.48,9.04
279,Port Hedland,31,AU,1555893000,17,-20.31,118.58,77.0,17.22
280,Asadabad,20,IR,1555891200,55,34.78,48.12,39.2,6.93
281,Funadhoo,2,MV,1555896067,70,6.15,73.27,84.78,11.1
282,Lebedinyy,2,RU,1555896182,71,58.52,125.52,25.99,10.07
283,Nagorsk,65,RU,1555896182,93,59.32,50.8,37.31,3.78
284,Shahr-e Kord,20,IR,1555891200,56,32.33,50.85,44.6,2.24
285,Kuandian,49,CN,1555896182,38,40.73,124.78,55.44,5.06
286,Kushima,75,JP,1555895585,68,31.5,131.29,73.99,5.82
287,Khanpur,0,PK,1555896183,27,28.65,70.66,88.12,7.45
288,Hondo,1,US,1555896154,60,29.35,-99.14,77.0,13.87
289,Pivka,98,SI,1555896180,87,45.68,14.2,53.01,8.05
290,Souillac,0,FR,1555896069,76,45.6,-0.6,55.4,2.24
291,Isangel,75,VU,1555891200,79,-19.55,169.27,86.0,9.17
292,Roald,100,NO,1555896000,76,62.58,6.12,51.01,8.05
293,Saint George,75,GR,1555895597,81,39.45,22.34,53.01,1.39
294,Trincomalee,61,LK,1555896184,91,8.58,81.23,77.49,1.61
295,Novaya Ladoga,8,RU,1555895845,89,60.11,32.31,30.0,11.83
296,Shelburne,1,CA,1555895883,87,44.08,-80.2,54.0,2.24
297,Dangara,45,NG,1555896185,10,11.43,7.3,83.93,2.37
298,Nova Borova,8,UA,1555896185,79,50.69,28.64,42.89,7.65
299,Cayenne,0,GF,1555893000,83,4.94,-52.33,78.8,3.36
300,Chake Chake,99,TZ,1555896186,76,-5.25,39.77,84.18,13.82
301,Rome,40,IT,1555896124,41,41.89,12.48,63.0,11.41
302,Palmer,90,US,1555896185,75,61.6,-149.11,46.99,18.34
303,Leningradskiy,100,RU,1555896186,89,69.38,178.42,4.01,19.26
304,Yatou,100,CM,1555896186,81,3.63,9.81,83.44,12.71
305,Bad Mergentheim,20,DE,1555896126,40,49.49,9.77,53.01,10.29
306,Najran,0,SA,1555891200,50,17.54,44.22,75.2,6.93
307,Nova Olimpia,98,BR,1555896187,71,-14.8,-57.29,80.78,1.66
308,Mehamn,100,NO,1555896187,85,71.03,27.85,38.41,27.85
309,Vila Velha,20,BR,1555895891,83,-3.71,-38.6,81.0,2.24
310,Martin,1,US,1555896013,43,36.34,-88.85,70.0,3.36
311,Kinsale,90,IE,1555895737,100,51.71,-8.52,48.99,12.75
312,Kieta,48,PG,1555896188,66,-6.22,155.63,85.87,5.41
313,Fomboni,94,KM,1555896188,78,-12.28,43.74,84.58,13.58
314,Sao Filipe,3,CV,1555896188,83,14.9,-24.5,71.29,18.12
315,Mlowo,76,TZ,1555896189,98,-9.01,33.0,59.25,5.35
316,Southampton,0,GB,1555896007,53,50.9,-1.4,53.01,3.36
317,Moussoro,4,TD,1555896189,9,13.64,16.49,90.57,11.01
318,Moron,69,VE,1555896189,88,10.49,-68.2,74.62,2.86
319,Marana,1,US,1555896125,11,32.44,-111.22,86.0,16.11
320,Sargans,0,CH,1555895982,43,47.05,9.44,55.4,10.29
321,Meulaboh,51,ID,1555896189,81,4.14,96.13,82.06,5.5
322,Pochutla,5,MX,1555895777,54,15.74,-96.47,86.0,11.41
323,Makakilo City,75,US,1555896185,51,21.35,-158.09,84.2,9.17
324,Srednekolymsk,26,RU,1555896190,85,67.46,153.71,30.52,14.32
325,Ankpa,97,NG,1555896190,69,7.37,7.63,83.03,10.67
326,Katangli,36,RU,1555896190,65,51.71,143.23,41.95,9.95
327,Shenkursk,80,RU,1555896190,86,62.11,42.91,36.43,7.38
328,Bonfim,0,BR,1555891200,73,-20.33,-44.24,73.4,6.93
329,Pasighat,5,IN,1555896191,75,28.06,95.33,57.61,3.44
330,Plettenberg Bay,35,ZA,1555896191,90,-34.05,23.37,56.44,4.25
331,Umm Lajj,0,SA,1555896192,52,25.02,37.27,73.85,21.56
332,Ramos Arizpe,40,MX,1555896028,33,25.54,-100.95,84.99,11.41
333,Pisco,0,PE,1555895773,30,-13.71,-76.2,71.6,9.17
334,Le Port,93,FR,1555896118,44,42.87,1.37,48.99,2.95
335,Ushtobe,87,KZ,1555896193,52,45.25,77.98,46.26,12.8
336,Cleethorpes,0,GB,1555896183,93,53.56,-0.03,52.0,9.17
337,Flinders,100,AU,1555896173,64,-34.58,150.85,78.01,8.05
338,Chapayevka,75,RU,1555893000,55,53.06,158.83,37.4,4.47
339,San Francisco,20,US,1555896066,67,37.78,-122.42,71.01,25.28
340,Muzhi,99,RU,1555896195,83,65.4,64.7,34.92,11.9
341,Anicuns,0,BR,1555896062,81,-16.46,-49.96,68.45,1.01
342,Luau,94,CD,1555896195,84,-10.7,22.23,68.02,2.57
343,Sokoto,53,NG,1555896196,8,13.06,5.24,91.0,5.79
344,Senneterre,20,CA,1555894800,83,48.39,-77.24,41.0,12.75
345,Chuy,0,UY,1555896196,63,-33.69,-53.46,63.91,13.06
346,Panalingaan,36,PH,1555896196,72,8.78,117.42,84.11,5.97
347,Lompoc,90,US,1555896168,76,34.64,-120.46,70.0,11.41
348,Sao Jose,81,AO,1555896196,94,-12.77,15.77,59.25,1.77
349,Shirokiy,0,RU,1555896197,47,53.87,39.17,46.15,4.09
350,Taicheng,97,CN,1555896010,88,22.25,112.8,81.0,8.99
351,Veraval,0,FR,1555895997,66,49.65,0.71,57.99,6.93
352,Ambilobe,100,MG,1555896197,89,-13.19,49.05,73.99,4.36
353,Lieksa,99,FI,1555896197,71,63.32,30.02,41.36,10.31
354,Methoni,75,GR,1555896031,87,36.82,21.7,55.99,4.7
355,Campo Verde,20,PE,1555891200,74,-8.47,-74.81,84.2,3.36
356,Peniche,0,PT,1555895761,51,39.36,-9.38,63.0,8.05
357,Daru,77,SL,1555896198,96,7.99,-10.85,76.41,2.8
358,Harper,1,US,1555896058,60,30.3,-99.24,77.0,12.75
359,Tuy Hoa,27,VN,1555896198,72,13.08,109.3,81.18,1.77
360,Lata,9,IN,1555896198,65,30.78,78.62,21.94,10.76
361,Victoria,75,BN,1555893000,79,5.28,115.24,86.0,4.7
362,Constitucion,75,MX,1555896017,9,23.99,-104.67,80.6,9.17
363,Manaure,83,CO,1555896032,80,11.78,-72.45,80.96,21.88
364,San Carlos de Bariloche,0,AR,1555891200,61,-41.13,-71.31,46.4,5.82
365,Tonstad,0,NO,1555896018,57,58.66,6.71,48.99,6.93
366,Alyangula,33,AU,1555891200,70,-13.85,136.42,84.2,6.93
367,Vikhorevka,75,RU,1555896188,53,56.12,101.17,26.6,20.13
368,Iskateley,100,RU,1555896200,97,67.68,53.15,34.27,13.49
369,Kindu,100,CD,1555896200,98,-2.95,25.92,71.1,2.95
370,Marsh Harbour,0,BS,1555896200,60,26.54,-77.06,72.1,12.82
371,Port-de-Bouc,0,FR,1555895929,76,43.4,4.98,66.0,8.05
372,Grenville,20,CA,1555896006,81,45.62,-74.6,54.0,6.93
373,Katherine,32,AU,1555893000,54,-14.47,132.26,84.2,5.82
374,Kurilsk,100,RU,1555896201,73,45.23,147.88,36.41,8.25
375,Tiarei,75,PF,1555896183,70,-17.53,-149.33,84.2,3.36
376,Tame,100,CO,1555896201,96,6.46,-71.72,55.24,1.12
377,Hervey Bay,90,AU,1555895708,69,-25.3,152.85,82.0,14.99
378,Boissevain,1,CA,1555895700,46,49.23,-100.06,53.6,8.05
379,Umirim,89,BR,1555895891,91,-3.68,-39.35,78.01,1.01
380,Jumla,43,NP,1555896148,79,29.28,82.18,57.99,4.05
381,Chicama,75,PE,1555891200,88,-7.84,-79.15,71.6,6.93
382,Adana,0,TR,1555894200,57,37.0,35.33,50.0,3.36
383,Takoradi,100,GH,1555896203,91,4.89,-1.75,79.47,3.96
384,Inhambane,0,MZ,1555896203,95,-23.87,35.38,65.97,3.89
385,Port Blair,30,IN,1555895993,71,11.67,92.75,83.95,4.9
386,Gordeyevka,37,RU,1555896203,60,52.96,31.97,47.03,4.36
387,Pundaguitan,70,PH,1555896040,78,6.37,126.17,81.41,7.78
388,Roswell,1,US,1555896019,9,33.39,-104.52,84.2,17.22
389,Belyy Yar,0,RU,1555893000,100,53.6,91.39,28.4,2.24
390,Labuhan,74,ID,1555896204,78,-2.54,115.51,80.06,1.92
391,Pangai,20,TO,1555891200,58,-19.8,-174.35,82.4,18.34
392,Aswan,0,EG,1555891200,29,24.09,32.9,60.8,8.05
393,Tazovskiy,100,RU,1555896204,95,67.47,78.7,29.75,15.01
394,Taga,75,JP,1555896072,82,35.21,136.34,75.0,4.7
395,Praia da Vitoria,75,PT,1555895766,93,38.73,-27.07,61.0,15.55
396,Bridlington,0,GB,1555896183,70,54.08,-0.19,55.0,2.24
397,Alexandria,1,US,1555895891,52,31.31,-92.44,73.4,8.05
398,Christchurch,75,NZ,1555895885,87,-43.53,172.64,59.0,8.05
399,Skjervoy,57,NO,1555896205,86,70.03,20.97,40.06,18.99
400,Northam,2,GB,1555896125,93,51.04,-4.21,55.99,4.7
401,Kosonsoy,75,UZ,1555893000,87,41.25,71.55,55.4,1.45
402,Bubaque,51,GW,1555896206,70,11.28,-15.83,77.4,17.52
403,Sorland,39,NO,1555896206,86,67.67,12.69,41.86,17.96
404,Bezenchuk,43,RU,1555896206,68,52.99,49.43,41.83,5.88
405,Tiksi,65,RU,1555896206,85,71.64,128.87,23.9,7.56
406,Warrington,0,GB,1555895888,81,53.39,-2.59,55.99,4.7
407,Hammerfest,95,NO,1555892400,80,70.66,23.68,39.2,41.38
408,Comodoro Rivadavia,0,AR,1555891200,58,-45.87,-67.48,53.6,6.44
409,San Quintin,0,PH,1555896207,59,17.54,120.52,86.81,1.1
410,Fukue,75,JP,1555896072,82,35.03,136.69,75.0,4.7
411,San-Pedro,100,CI,1555896207,98,4.75,-6.64,75.25,3.06
412,Churachandpur,97,IN,1555896207,68,24.33,93.67,61.34,2.64
413,Yangambi,100,CD,1555896207,83,0.77,24.47,75.52,3.47
414,Arinos,10,BR,1555896207,85,-15.92,-46.11,71.71,1.07
415,Zyryanskoye,0,RU,1555896208,85,56.83,86.62,23.11,4.07
416,Morant Bay,75,JM,1555894800,65,17.88,-76.41,80.6,8.05
417,Taltal,0,CL,1555896208,75,-25.41,-70.49,63.73,4.99
418,Vestmannaeyjar,100,IS,1555896208,75,63.44,-20.27,43.11,8.61
419,Dindori,0,IN,1555896208,26,22.94,81.08,74.44,4.56
420,Nehe,51,CN,1555896208,22,48.48,124.88,48.65,5.57
421,Kiruna,63,SE,1555894200,69,67.86,20.23,35.6,11.41
422,Ocos,20,GT,1555891200,48,14.51,-92.19,87.8,6.93
423,Bathsheba,40,BB,1555891200,69,13.22,-59.52,78.8,12.75
424,Tautira,75,PF,1555896183,70,-17.73,-149.15,84.2,3.36
425,Hasaki,75,JP,1555895826,77,35.73,140.83,72.0,4.7
426,Dombarovskiy,93,RU,1555896210,51,50.76,59.54,42.37,6.33
427,Shenxian,88,CN,1555896210,73,36.24,115.67,63.9,7.74
428,Vila Franca do Campo,75,PT,1555896197,82,37.72,-25.43,60.8,2.24
429,Iquique,0,CL,1555891200,72,-20.22,-70.14,64.4,13.87
430,Fortuna,90,ES,1555896201,82,38.18,-1.13,57.0,13.87
431,Jega,63,NG,1555896210,10,12.22,4.38,92.41,6.29
432,Xiaoyi,100,CN,1555896211,73,37.15,111.77,53.22,3.94
433,Vangaindrano,0,MG,1555896211,93,-23.35,47.6,69.66,3.09
434,Fairbanks,1,US,1555895793,20,64.84,-147.72,55.4,19.46
435,Marrakesh,75,MA,1555891200,82,31.63,-7.99,59.0,4.7
436,Poronaysk,1,RU,1555896211,46,49.22,143.1,47.08,3.22
437,North Bend,1,US,1555896028,76,43.41,-124.22,54.0,16.11
438,Umm Kaddadah,27,SD,1555896212,12,13.6,26.69,72.27,14.99
439,Greenville,1,US,1555896059,93,34.85,-82.4,63.0,2.24
440,Mahon,90,IE,1555895737,100,51.89,-8.4,48.99,12.75
441,Ozernovskiy,81,RU,1555896212,78,51.5,156.52,36.73,16.51
442,Nouadhibou,0,MR,1555894800,72,20.93,-17.03,64.4,14.99
443,Nantucket,75,US,1555896165,100,41.28,-70.1,55.99,5.82
444,Trondheim,75,NO,1555896002,81,63.43,10.4,50.0,8.05
445,Porto Velho,20,BR,1555894800,94,-8.75,-63.87,77.0,1.88
446,Piacabucu,100,BR,1555896213,78,-10.41,-36.43,80.08,6.69
447,Khandyga,100,RU,1555896213,88,62.65,135.58,32.22,4.43
448,Saint-Joseph,0,FR,1555895769,42,43.56,6.97,62.6,2.24
449,Vallenar,0,CL,1555896214,57,-28.58,-70.76,62.74,2.24
450,Port-Gentil,100,GA,1555896214,85,-0.72,8.78,82.69,13.35
451,Alepe,20,CI,1555894800,89,5.5,-3.66,84.2,4.7
452,Machinga,66,MW,1555896214,88,-15.18,35.3,62.44,3.71
453,Hisor,90,TJ,1555894800,87,38.53,68.55,55.4,4.47
454,Payo,91,ID,1555896215,83,-3.75,103.64,71.98,2.68
455,Chiang Mai,20,TH,1555895905,88,18.79,98.99,75.99,3.36
456,Vvedenskoye,0,RU,1555895429,64,55.29,38.01,48.0,2.24
457,Bayji,81,IQ,1555896215,47,34.93,43.49,57.33,10.2
458,Okha,2,RU,1555896215,87,53.59,142.95,33.94,3.09
459,Russell,40,AR,1555894800,52,-33.01,-68.8,64.4,3.36
460,Salalah,20,OM,1555890600,69,17.01,54.1,82.4,5.82
461,The Pas,40,CA,1555894800,66,53.82,-101.24,48.2,7.56
462,Werder,28,DE,1555896125,62,53.49,13.1,46.0,6.38
463,Troitsko-Pechorsk,79,RU,1555896216,95,62.71,56.19,33.57,6.29
464,Puerto Penasco,5,MX,1555895731,53,31.32,-113.53,75.2,13.87
465,Forbes,98,AU,1555896170,47,-33.38,148.01,79.0,1.01
466,Brewster,90,US,1555896064,93,41.76,-70.08,57.0,6.93
467,Ejido,96,VE,1555896217,81,8.55,-71.24,69.91,0.47
468,Lingao,41,CN,1555896217,86,19.91,109.69,79.81,2.91
469,Sawakin,0,SD,1555896217,67,19.1,37.33,64.44,4.74
470,Aljezur,8,PT,1555895970,74,37.31,-8.8,60.01,10.83
471,Bibiani,94,GH,1555896218,98,6.45,-2.31,75.42,2.59
472,Coihaique,0,CL,1555891200,87,-45.58,-72.07,44.6,6.93
473,Zhigansk,93,RU,1555896218,90,66.77,123.37,20.28,8.41
474,Khani,75,GE,1555893000,93,41.96,42.96,41.0,2.24
475,Locri,90,IT,1555896011,55,38.24,16.26,62.01,21.92
476,Abu Samrah,8,SY,1555896218,66,35.3,37.18,46.72,13.49
477,Vrangel,0,RU,1555896219,18,42.73,133.08,55.02,5.39
478,Uray,35,RU,1555896219,95,60.13,64.8,30.67,4.94
479,Hobyo,41,SO,1555896219,75,5.35,48.53,82.8,11.7
480,Chilmari,100,BD,1555896219,60,25.59,89.66,76.69,6.24
481,Kernersville,1,US,1555896094,81,36.12,-80.07,57.0,1.52
482,Shingu,75,JP,1555891200,83,33.72,135.99,69.8,6.93
483,Saint-Augustin,0,FR,1555896069,81,44.83,-0.61,55.0,5.82
484,Arlit,0,NE,1555896220,7,18.74,7.39,86.02,13.02
485,Boende,100,CD,1555896220,97,-0.28,20.88,73.22,5.37
486,Donskoy,0,RU,1555893000,55,47.12,39.32,37.4,4.47
487,Huarmey,22,PE,1555896220,91,-10.07,-78.15,69.71,13.73
488,Baijiantan,99,CN,1555896220,59,45.63,85.18,50.47,7.74
489,Simbahan,82,PH,1555896221,75,6.3,120.58,83.66,9.95
490,College,1,US,1555896047,20,64.86,-147.8,55.4,19.46
491,Sao Miguel do Araguaia,1,BR,1555896221,83,-13.28,-50.16,77.56,1.7
492,Lampertheim,0,DE,1555896175,47,49.59,8.47,57.99,9.17
493,Raychikhinsk,0,RU,1555896221,24,49.8,129.4,44.96,5.84
494,Sangin,0,AF,1555896221,23,32.07,64.85,74.98,9.86
495,Xiongyue,0,CN,1555896222,56,40.18,122.12,45.59,14.2
496,Vredendal,0,ZA,1555896222,62,-31.68,18.49,65.52,11.16
497,Sungaipenuh,100,ID,1555896141,79,-2.08,101.38,76.57,3.2
498,Staryy Nadym,85,RU,1555896222,93,65.61,72.68,24.78,11.59
499,Codrington,98,AU,1555896043,78,-28.95,153.24,73.0,2.24
500,Coffs Harbour,94,AU,1555895896,69,-30.3,153.13,75.2,6.93
501,Muros,0,ES,1555896217,93,42.77,-9.06,59.0,1.12
502,Sehithwa,3,BW,1555896223,57,-20.47,22.7,71.35,6.02
503,Pucallpa,20,PE,1555891200,74,-8.38,-74.54,84.2,3.36
504,Puerto Madero,0,AR,1555896004,72,-34.61,-58.36,60.8,1.95
505,Hailar,100,CN,1555896223,18,49.2,119.7,43.99,15.3
506,Bara,67,NG,1555896223,17,10.41,10.6,85.86,5.01
507,Gimli,72,CA,1555896010,47,50.63,-96.99,57.0,5.68
508,Bedesa,68,ET,1555896224,82,8.9,40.78,66.29,3.8
509,Talnakh,75,RU,1555893000,85,69.49,88.39,15.8,22.37
510,Nalut,98,LY,1555896224,13,31.86,10.98,84.42,27.94
511,Mount Gambier,40,AU,1555891200,76,-37.83,140.78,57.2,2.24
512,Nipawin,1,CA,1555894800,57,53.36,-104.02,48.2,6.93
513,Standerton,57,ZA,1555895783,96,-26.94,29.24,55.0,4.0
514,Alice Springs,0,AU,1555893000,42,-23.7,133.88,64.4,12.75
515,Mecca,0,SA,1555896162,48,21.43,39.83,69.96,8.66
516,Saint Pete Beach,1,US,1555896223,45,27.73,-82.74,68.0,11.03
517,Nanlong,43,CN,1555896225,67,31.35,106.05,67.62,3.29
518,Bintulu,75,MY,1555891200,88,3.17,113.03,82.4,4.7
519,San Pedro,66,AR,1555896014,63,-33.68,-59.66,55.99,1.99
520,Genhe,91,CN,1555896226,21,50.78,121.52,35.24,3.94
521,Teya,5,MX,1555895724,61,21.05,-89.07,78.8,11.41
522,Chirongui,75,YT,1555894800,83,-12.93,45.15,84.2,13.87
523,Paso de Carrasco,0,UY,1555896079,81,-34.86,-56.05,61.0,4.7
524,Bolitoc,21,PH,1555896227,80,15.74,119.88,84.65,11.39
525,Houston,40,US,1555895957,68,29.76,-95.37,73.4,14.99
526,Losone,95,CH,1555896217,81,46.17,8.76,57.99,6.31
527,Knysna,35,ZA,1555894920,93,-34.04,23.05,59.0,4.7
528,Ondangwa,38,NA,1555894800,41,-17.91,15.98,78.8,4.7
529,Ullapool,47,GB,1555896018,70,57.9,-5.16,57.99,1.01
530,Layton,1,US,1555896052,87,41.08,-111.97,55.0,4.7
531,Grand Gaube,75,MU,1555895943,94,-20.01,57.66,77.0,10.29
532,Egvekinot,98,RU,1555896228,82,66.32,-179.17,6.93,10.11
533,Neya,70,RU,1555896228,91,58.29,43.89,41.7,4.03
534,Lexington,1,US,1555895884,66,38.05,-84.5,60.8,3.36
535,Niquelandia,49,BR,1555896229,77,-14.47,-48.46,74.48,3.44
536,Hualmay,4,PE,1555896135,93,-11.1,-77.61,69.35,12.75
537,Mizdah,89,LY,1555896229,11,31.45,12.98,78.8,13.29
538,Auki,45,NG,1555896229,10,12.18,6.51,87.01,3.8
539,Zhezkazgan,50,KZ,1555896230,64,47.8,67.71,35.51,7.63
540,Southbridge,1,US,1555896217,93,42.08,-72.03,59.0,3.36
541,Labytnangi,100,RU,1555896230,96,66.66,66.39,29.01,5.23
542,Healdsburg,1,US,1555895912,38,38.61,-122.87,75.99,6.93
543,Baykit,93,RU,1555896230,88,61.68,96.39,21.2,10.63
544,Marsani,85,RO,1555895783,75,44.01,24.01,50.0,8.05
545,Richards Bay,100,ZA,1555896231,73,-28.77,32.06,73.89,16.73
546,Assiniboia,0,CA,1555896231,25,49.63,-105.99,55.04,12.41
547,Sorrento,0,AU,1555896227,38,-31.82,115.75,66.99,9.17
548,Timra,73,SE,1555895661,92,62.49,17.33,36.0,1.19
549,Clarence Town,100,AU,1555896231,57,-32.59,151.78,79.0,10.29
550,Macomer,0,IT,1555896185,72,40.26,8.77,59.0,12.75
551,Winneba,75,GH,1555894800,89,5.35,-0.62,84.2,8.05
552,Kovacica,0,RS,1555894800,80,45.11,20.62,55.4,1.12
553,Loiza,40,PR,1555896033,88,18.43,-65.88,78.01,4.7
554,Weymouth,100,US,1555896230,93,42.22,-70.94,61.0,12.75
555,Puro,35,PH,1555896233,69,13.13,123.76,81.72,9.71
556,Pandan,33,PH,1555896233,77,11.72,122.09,81.37,19.55
557,Prestea,100,GH,1555896233,96,5.43,-2.14,77.65,2.95
558,Angoche,55,MZ,1555896234,83,-16.23,39.91,74.68,6.04
559,Mul,1,IN,1555896234,47,20.07,79.68,86.11,9.73
560,Narsaq,65,GL,1555894200,64,60.91,-46.05,35.6,3.36
561,Ayan,70,TR,1555896234,96,40.67,33.6,23.88,4.97
562,Gobabis,39,NA,1555891200,82,-22.45,18.97,60.8,1.12
563,Colares,0,PT,1555896124,51,38.8,-9.45,63.0,9.17
564,Agirish,26,RU,1555896234,96,61.92,63.02,30.92,6.4
565,Seoul,1,KR,1555894200,59,37.57,126.98,66.2,1.12
566,Ust-Nera,90,RU,1555896235,81,64.57,143.24,27.81,4.59
567,Wamba,95,CD,1555896235,87,2.14,27.99,71.37,2.64
